,Index,Residue,Degree,Betweenness-centrality,Closeness-centrality
0,0,PTHR9,2,0.00157928285336,0.201879836458
1,1,PGLY10,4,0.000561311375593,0.191309426019
2,2,PARG11,11,0.0091141745393,0.213231631003
3,3,PLEU12,9,0.00619345263579,0.230516792144
4,4,PMET13,6,0.000637421392623,0.217207781744
5,5,PLEU14,10,0.00202642920341,0.219874735168
6,6,PALA15,9,0.00898098200949,0.242464862028
7,7,PVAL16,10,0.00464271103881,0.242133169688
8,8,PGLY17,9,0.000466173854306,0.229059551981
9,9,PGLY18,10,0.00221670424599,0.232465516174
10,10,PALA19,12,0.00653594771242,0.250486833816
11,11,PVAL20,11,0.00536575620059,0.249788342437
12,12,PLEU21,12,0.00442389473985,0.241368755912
13,13,PGLY22,10,0.010056036,0.250939702771
14,14,PSER23,14,0.0177526614722,0.261339166909
15,15,PLEU24,13,0.00622199389217,0.246859420858
16,16,PGLN25,14,0.017667037703,0.252974775566
17,17,PPHE26,13,0.0200645032394,0.268278051931
18,18,PGLY27,10,0.0139566743728,0.254958138922
19,19,PTYR28,19,0.0345634614836,0.251262872991
20,20,PASN29,13,0.0177907164807,0.254283134054
21,21,PTHR30,14,0.0132907117238,0.258836508756
22,22,PGLY31,8,0.00131289779376,0.245147144027
23,23,PVAL32,9,0.00228330051089,0.230179636907
24,24,PILE33,9,0.00300634567267,0.235056888416
25,25,PASN34,10,0.0142135456803,0.244280799833
26,26,PALA35,9,0.00880973447118,0.235929154237
27,27,PPRO36,10,0.00489006859415,0.224653574956
28,28,PGLN37,10,0.0231755001855,0.24497284245
29,29,PLYS38,8,0.0460846153114,0.244548452778
30,30,PVAL39,9,0.00215962173322,0.219938506733
31,31,PILE40,12,0.00550846248252,0.233144706513
32,32,PGLU41,13,0.0407188591108,0.242513518135
33,33,PGLU42,14,0.0310243456917,0.221707951312
34,34,PPHE43,10,0.00264482309178,0.212014694325
35,35,PTYR44,12,0.00148414533208,0.219911804947
36,36,PASN45,13,0.00481395857712,0.215825267473
37,37,PGLN46,9,0.00115116400757,0.198347170194
38,38,PTHR47,12,0.00349154703123,0.215536483181
39,39,PTRP48,14,0.0029492631599,0.203390273475
40,40,PVAL49,8,0.000266385059604,0.191117023929
41,41,PHSD50,7,0.000409091341534,0.197300215058
42,42,PARG51,11,0.0135666105355,0.218796415497
43,43,PTYR52,5,0.00136998030653,0.197453675268
44,44,PGLY53,5,8.56237691583e-05,0.176357380567
45,45,PGLU54,6,0.00166490662252,0.195321014532
46,46,PSER55,7,0.00331078574079,0.203779375873
47,47,PILE56,8,0.000447146350049,0.187373762646
48,48,PLEU57,6,0.000913320204355,0.194353232715
49,49,PPRO58,8,3.80550085148e-05,0.207572891819
50,50,PTHR59,6,0.0,0.206362633498
51,51,PTHR60,8,0.00255919932262,0.20512590129
52,52,PLEU61,12,0.00400528964618,0.217368758996
53,53,PTHR62,9,0.00711628659227,0.227372984549
54,54,PTHR63,10,0.00268287810029,0.221188023262
55,55,PLEU64,14,0.0129482166472,0.23561565098
56,56,PTRP65,16,0.027057111054,0.24874148916
57,57,PSER66,10,0.00539429745697,0.239750000044
58,58,PLEU67,10,0.00344397827059,0.224770689695
59,59,PSER68,9,0.00330127198866,0.233018004914
60,60,PVAL69,11,0.00980867844469,0.244017504609
61,61,PALA70,10,0.00508985738886,0.229344929111
62,62,PILE71,11,0.00776322173702,0.232177359798
63,63,PPHE72,13,0.00577484754212,0.244709597774
64,64,PSER73,13,0.0106554023841,0.24798709426
65,65,PVAL74,10,0.000884778947969,0.223677963088
66,66,PGLY75,12,0.00467125229519,0.236313627138
67,67,PGLY76,10,0.00149365908421,0.247828000979
68,68,PMET77,12,0.00813425807004,0.240887267333
69,69,PILE78,9,0.00215962173322,0.222893666162
70,70,PGLY79,10,0.000580338879851,0.230502259494
71,71,PSER80,12,0.0116924013662,0.247133033659
72,72,PPHE81,7,0.00241649304069,0.217167842356
73,73,PSER82,7,0.00434778472282,0.21559307326
74,74,PVAL83,10,0.00934250459039,0.233124947846
75,75,PGLY84,6,0.000352008828762,0.206985819586
76,76,PLEU85,6,0.000570825127722,0.2093821673
77,77,PPHE86,12,0.00478541732074,0.227254127668
78,78,PVAL87,8,0.00267336434817,0.216340095588
79,79,PASN88,6,0.00480444482499,0.22189730682
80,80,PARG89,7,0.000323467572376,0.20771177996
81,81,PPHE90,8,0.0011606777597,0.217236540436
82,82,PGLY91,8,0.00164587911827,0.236483714886
83,83,PARG92,13,0.0546660197315,0.272191260643
84,84,PARG93,13,0.0291025677617,0.248795464918
85,85,PASN94,8,0.00111310899906,0.222697900535
86,86,PSER95,12,0.00792495552321,0.245620016219
87,87,PMET96,13,0.00818182683068,0.247736280189
88,88,PLEU97,13,0.00346300577485,0.229332681973
89,89,PMET98,12,0.0106078336235,0.243756491239
90,90,PMET99,13,0.0326321698014,0.255973321444
91,91,PASN100,14,0.0100655497522,0.23780506772
92,92,PLEU101,9,0.00783933175405,0.231479400067
93,93,PLEU102,10,0.00498520611544,0.23336838307
94,94,PALA103,11,0.00200740169916,0.237083991646
95,95,PPHE104,12,0.00598415008895,0.232063986791
96,96,PVAL105,7,7.61100170296e-05,0.210205450877
97,97,PSER106,12,0.0214249697938,0.237121905833
98,98,PALA107,9,0.00166490662252,0.218918017649
99,99,PVAL108,8,0.00592706757618,0.217872493509
100,100,PLEU109,12,0.00446194974836,0.21654164911
101,101,PMET110,13,0.0123964190237,0.23816939181
102,102,PGLY111,9,0.000875265195841,0.217884952125
103,103,PPHE112,9,0.00194080543426,0.214313210084
104,104,PSER113,13,0.0157357460209,0.22136340894
105,105,PLYS114,12,0.0197124944107,0.222707957777
106,106,PLEU115,6,0.000152220034059,0.199448987622
107,107,PGLY116,5,0.0,0.19689527108
108,108,PLYS117,11,0.00460465603029,0.210227887532
109,109,PSER118,7,0.000618393888366,0.203420411256
110,110,PPHE119,11,0.00322516197163,0.22071761254
111,111,PGLU120,8,0.00900000951375,0.219458175235
112,112,PMET121,11,0.00144609032356,0.2109590649
113,113,PLEU122,11,0.000551797623465,0.217124882223
114,114,PILE123,9,0.00124630152886,0.218006421903
115,115,PLEU124,11,0.00315856570673,0.224356218836
116,116,PGLY125,11,0.0054038112091,0.235389793863
117,117,PARG126,19,0.049157557249,0.256072019506
118,118,PPHE127,12,0.00860994567648,0.237020649383
119,119,PILE128,9,0.00342495076633,0.225940501652
120,120,PILE129,11,0.00276850186945,0.255213470036
121,121,PGLY130,12,0.00606026010598,0.251669737218
122,122,PVAL131,11,0.000970402717128,0.240168209665
123,123,PTYR132,14,0.0219767674173,0.264020985792
124,124,PCYS133,12,0.0286934764202,0.274857648355
125,125,PGLY134,12,0.0135951517919,0.26001161015
126,126,PLEU135,10,0.00826745059984,0.247861152427
127,127,PTHR136,13,0.0203784570597,0.272069940314
128,128,PTHR137,9,0.0210634472129,0.274499383098
129,129,PGLY138,8,0.0109693562044,0.261056296136
130,130,PPHE139,13,0.00967548591489,0.254804156258
131,131,PVAL140,10,0.00601269134534,0.260101955584
132,132,PPRO141,11,0.0112072000076,0.273823216443
133,133,PMET142,11,0.0154598472091,0.273548964385
134,134,PTYR143,14,0.0259059470465,0.274025691615
135,135,PVAL144,10,0.00269239185242,0.256422396347
136,136,PGLY145,8,0.00244503429708,0.26091847954
137,137,PGLU146,16,0.0599842071715,0.276873017221
138,138,PVAL147,11,0.0084862668988,0.246898896731
139,139,PSER148,7,0.000818182683068,0.244898638062
140,140,PPRO149,9,0.00276850186945,0.244780450447
141,141,PTHR150,6,0.00358668455252,0.244298211641
142,142,PALA151,5,2.85412563861e-05,0.236236065778
143,143,PLEU152,6,0.0017219891353,0.24389270177
144,144,PARG153,23,0.136398664269,0.296994651338
145,145,PGLY154,9,0.00526110492717,0.255820506203
146,146,PALA155,6,0.00344397827059,0.238983792179
147,147,PLEU156,12,0.00524207742291,0.25461273623
148,148,PGLY157,6,0.00272093310881,0.256925904823
149,149,PTHR158,10,0.00457611477391,0.250213168899
150,150,PLEU159,11,0.0372273120796,0.272193690988
151,151,PHSD160,11,0.0172008638487,0.264956739705
152,152,PGLN161,10,0.0128816203823,0.270291523901
153,153,PLEU162,12,0.00706871783163,0.254884418244
154,154,PGLY163,8,0.00617442513153,0.255755652355
155,155,PILE164,11,0.0344302689538,0.270531752274
156,156,PVAL165,12,0.0253922044315,0.272967308042
157,157,PVAL166,10,0.0127103728439,0.25592972178
158,158,PGLY167,9,0.00121776027247,0.244736046057
159,159,PILE168,10,0.00379598709935,0.245108974671
160,160,PLEU169,12,0.00702114907098,0.244979756017
161,161,PILE170,9,0.00234038302366,0.2367668583
162,162,PALA171,10,0.000637421392623,0.228937805226
163,163,PGLN172,13,0.0269429460285,0.260356961126
164,164,PVAL173,10,0.0102082560341,0.232705434241
165,165,PPHE174,9,0.0034820332791,0.21942364684
166,166,PGLY175,6,0.00105602648629,0.220484523022
167,167,PLEU176,7,0.00262579558752,0.221770555423
168,168,PASP177,11,0.0150507558676,0.225166639787
169,169,PSER178,2,0.0,0.197920898073
170,170,PILE179,7,0.00169344787891,0.212333092621
171,171,PMET180,10,0.00606026010598,0.218055112288
172,172,PGLY181,7,0.00276850186945,0.209428094663
173,173,PASN182,8,0.00504228862821,0.208038463755
174,174,PLYS183,5,0.00750635042955,0.20670562652
175,175,PASP184,7,0.00794398302747,0.206699920974
176,176,PLEU185,8,0.00303488692906,0.201708011756
177,177,PTRP186,12,0.00299683192054,0.212137345863
178,178,PPRO187,7,0.00176004414381,0.204897119771
179,179,PLEU188,10,0.00254968557049,0.206176235846
180,180,PLEU189,10,0.00384355586,0.214180908282
181,181,PLEU190,10,0.00276850186945,0.214634301711
182,182,PSER191,7,0.00174101663955,0.199608755146
183,183,PILE192,10,0.00650740645603,0.216896263768
184,184,PILE193,12,0.0112072000076,0.23107163022
185,185,PPHE194,10,0.00423361969727,0.214190657257
186,186,PILE195,7,0.000361522580891,0.202480198316
187,187,PPRO196,11,0.00252114431411,0.22038788713
188,188,PALA197,10,0.00401480339831,0.219336770954
189,189,PLEU198,8,0.000256871307475,0.202694713678
190,190,PLEU199,9,0.000713531409653,0.213587721957
191,191,PGLN200,15,0.0182664040871,0.234491547655
192,192,PCYS201,11,0.00310148319396,0.214727182317
193,193,PILE202,7,0.000409091341534,0.20271310576
194,194,PVAL203,10,0.00441438098772,0.211833677104
195,195,PLEU204,9,0.0104460998373,0.234871115549
196,196,PPRO205,8,0.00182664040871,0.213649532089
197,197,PPHE206,9,0.0055370037389,0.213555986761
198,198,PCYS207,7,0.000199788794703,0.214291164456
199,199,PPRO208,9,0.00380550085148,0.23368519116
200,200,PGLU209,12,0.018256890335,0.224228029222
201,201,PSER210,10,0.0021215667247,0.231714389674
202,202,PPRO211,12,0.00369133582594,0.230785426884
203,203,PARG212,14,0.0210634472129,0.258823390554
204,204,PPHE213,8,0.00103699898203,0.227876192919
205,205,PLEU214,10,0.00029492631599,0.200743734469
206,206,PLEU215,8,0.0017885854002,0.214311189659
207,207,PILE216,9,0.00267336434817,0.228890317034
208,208,PASN217,9,0.00490909609841,0.227212844254
209,209,PARG218,9,0.000152220034059,0.199349826439
210,210,PASN219,6,6.65962649009e-05,0.197241594093
211,211,PGLU220,10,0.0022547592545,0.200749236252
212,212,PGLU221,10,0.00433827097069,0.211819893801
213,213,PASN222,7,6.65962649009e-05,0.195010410127
214,214,PARG223,8,0.00926639457336,0.215931276405
215,215,PALA224,11,0.0012938702895,0.208372044445
216,216,PLYS225,7,0.000494715110693,0.187642259587
217,217,PSER226,8,0.00143657657143,0.192593434584
218,218,PVAL227,14,0.00160782410975,0.206279663546
219,219,PLEU228,12,0.00249260305772,0.212680728772
220,220,PLYS229,9,0.000570825127722,0.204330385355
221,221,PLYS230,9,0.00443340849198,0.211604926105
222,222,PLEU231,7,0.000456660102178,0.220398666297
223,223,PARG232,18,0.0449144237996,0.248283917794
224,224,PGLY233,3,0.0,0.202332794828
225,225,PTHR234,6,4.75687606435e-05,0.200578960127
226,226,PALA235,5,2.85412563861e-05,0.178863525424
227,227,PASP236,8,0.00226427300663,0.201343114851
228,228,PVAL237,7,0.00206448421193,0.204113081945
229,229,PTHR238,7,0.000190275042574,0.188133036538
230,230,PHSD239,6,0.00197886044277,0.216790192804
231,231,PASP240,15,0.042507444511,0.251526593424
232,232,PLEU241,8,0.000133192529802,0.210503728631
233,233,PGLN242,8,0.000827696435197,0.215583993287
234,234,PGLU243,13,0.026467258422,0.255998213233
235,235,PMET244,12,0.000665962649009,0.221120709932
236,236,PLYS245,13,0.00826745059984,0.217261769214
237,237,PGLU246,7,0.000466173854306,0.217470058703
238,238,PGLU247,15,0.027646963686,0.261448839289
239,239,PSER248,9,0.000665962649009,0.21728706721
240,240,PARG249,6,0.000114165025544,0.208730856467
241,241,PGLN250,7,0.000390063837277,0.215890662452
242,242,PMET251,6,9.5137521287e-06,0.215344363197
243,243,PMET252,6,6.65962649009e-05,0.216665238117
244,244,PARG253,8,0.00286363939074,0.241885878789
245,245,PGLU254,11,0.0525825080153,0.283413429639
246,246,PLYS255,13,0.0166395524731,0.243968831231
247,247,PLYS256,6,0.0132050879546,0.238663375508
248,248,PVAL257,5,0.00867654194138,0.206121795114
249,249,PTHR258,6,0.000266385059604,0.191186562971
250,250,PILE259,6,9.5137521287e-06,0.184769722213
251,251,PLEU260,4,0.0,0.171375541876
252,252,PGLU261,9,0.00503277487608,0.192831769007
253,253,PLEU262,11,0.00842918438603,0.216340958548
254,254,PPHE263,7,0.00224524550237,0.197134750818
255,255,PARG264,7,0.000256871307475,0.19013708508
256,256,PSER265,9,0.00291120815138,0.199504689338
257,257,PPRO266,4,0.0,0.188857137296
258,258,PALA267,6,0.00177907164807,0.203159876502
259,259,PTYR268,12,0.0104460998373,0.224235832729
260,260,PARG269,12,0.00255919932262,0.209639033121
261,261,PGLN270,10,0.0034154370142,0.211453957208
262,262,PPRO271,12,0.00176004414381,0.223005564797
263,263,PILE272,11,0.012415446528,0.233204496199
264,264,PLEU273,9,0.00150317283633,0.224825133053
265,265,PILE274,10,0.00176004414381,0.217828056982
266,266,PALA275,10,0.00284461188648,0.234457765343
267,267,PVAL276,9,0.0053372149442,0.233025445329
268,268,PVAL277,10,0.00161733786188,0.228428172853
269,269,PLEU278,8,0.000713531409653,0.232613973044
270,270,PGLN279,16,0.0305771993416,0.272309244768
271,271,PLEU280,10,0.00372939083445,0.243982540178
272,272,PSER281,12,0.00446194974836,0.248671311327
273,273,PGLN282,12,0.0260486533284,0.273854379184
274,274,PGLN283,10,0.00897146825737,0.258819696703
275,275,PLEU284,9,0.00782030424979,0.240710356066
276,276,PSER285,13,0.0371607158147,0.264675585756
277,277,PGLY286,9,0.00619345263579,0.251259065767
278,278,PILE287,11,0.022176556212,0.266386030365
279,279,PASN288,10,0.0227473813397,0.265792148539
280,280,PALA289,9,0.0279228624977,0.255720794817
281,281,PVAL290,9,0.00458562852603,0.245269657644
282,282,PPHE291,5,0.00384355586,0.243866173284
283,283,PTYR292,7,0.0101797147777,0.249129892213
284,284,PTYR293,12,0.0126152353227,0.247229403378
285,285,PSER294,8,0.00723045161781,0.234183883935
286,286,PTHR295,6,0.00315856570673,0.225174894106
287,287,PSER296,6,0.000865751443712,0.225163465106
288,288,PILE297,8,0.00217864923747,0.231179193175
289,289,PPHE298,12,0.0196554118979,0.23512840499
290,290,PGLU299,10,0.0432875721856,0.242715719532
291,291,PLYS300,13,0.0571300815329,0.243307394787
292,292,PALA301,6,0.007392185404,0.213815265256
293,293,PGLY302,6,0.00975159593192,0.207352396983
294,294,PVAL303,6,0.00155074159698,0.196825840361
295,295,PGLN304,4,0.0,0.202561917523
296,296,PGLN305,8,0.00300634567267,0.219189869049
297,297,PPRO306,7,0.00210253922044,0.221176791237
298,298,PVAL307,7,0.0028160706301,0.217946377724
299,299,PTYR308,7,0.00379598709935,0.217999445659
300,300,PALA309,10,0.00673573650712,0.226359608097
301,301,PTHR310,13,0.0231089039206,0.243812374839
302,302,PILE311,13,0.00935201834251,0.236924718846
303,303,PGLY312,8,8.56237691583e-05,0.218421630137
304,304,PSER313,10,0.00870508319776,0.2355044101
305,305,PGLY314,8,0.00108456774267,0.236491808726
306,306,PILE315,10,0.00319662071524,0.228719458082
307,307,PVAL316,11,0.00361522580891,0.225932321179
308,308,PASN317,11,0.00968499966702,0.247352467672
309,309,PTHR318,11,0.00124630152886,0.235390329127
310,310,PALA319,9,0.00158879660549,0.223181628508
311,311,PPHE320,12,0.00708774533588,0.245541421113
312,312,PTHR321,12,0.00728753413059,0.248432604581
313,313,PVAL322,9,0.00058985263198,0.226906524702
314,314,PVAL323,8,0.00166490662252,0.23693957581
315,315,PSER324,11,0.0218245473832,0.259073545883
316,316,PLEU325,9,0.00380550085148,0.232764471541
317,317,PPHE326,7,0.000409091341534,0.218112477459
318,318,PVAL327,9,0.00202642920341,0.225941827921
319,319,PVAL328,8,0.00253065806623,0.236920937937
320,320,PGLU329,5,0.00216913548534,0.231151417208
321,321,PARG330,7,0.00128435653737,0.218563745541
322,322,PALA331,6,0.000123678777673,0.229548038476
323,323,PGLY332,6,8.56237691583e-05,0.231486607207
324,324,PARG333,19,0.0863848693286,0.279805467914
325,325,PARG334,13,0.0207780346491,0.24503169813
326,326,PTHR335,8,0.000352008828762,0.23810220273
327,327,PLEU336,14,0.00694503905395,0.251111865176
328,328,PHSD337,16,0.0244313154665,0.264969816661
329,329,PLEU338,10,0.000428118845792,0.225178315396
330,330,PILE339,10,0.0197029806585,0.24530839133
331,331,PGLY340,10,0.00411945467173,0.238267206962
332,332,PLEU341,12,0.00862897318073,0.233567496585
333,333,PALA342,7,0.000247357555346,0.213297541882
334,334,PGLY343,10,0.00399577589405,0.231574904903
335,335,PMET344,12,0.0149461045942,0.234839691898
336,336,PALA345,9,0.000570825127722,0.212646598326
337,337,PGLY346,8,0.0135570967834,0.219230637971
338,338,PCYS347,12,0.0095803483936,0.222423129968
339,339,PALA348,10,0.00470930730371,0.213383341839
340,340,PILE349,8,0.00051374261495,0.201068886225
341,341,PLEU350,11,0.00386258336425,0.206458579465
342,342,PMET351,11,0.00567971002084,0.214379073128
343,343,PTHR352,13,0.00874313820628,0.21170124078
344,344,PILE353,9,0.000675476401138,0.188946244355
345,345,PALA354,10,0.00446194974836,0.196406379986
346,346,PLEU355,8,0.00237843803218,0.191582766906
347,347,PALA356,9,0.00280655687797,0.193449870859
348,348,PLEU357,7,0.00140803531505,0.17434753727
349,349,PLEU358,8,0.006431296439,0.18122099226
350,350,PGLU359,2,0.0,0.158517904494
351,351,PGLN360,4,2.85412563861e-05,0.156409568335
352,352,PLEU361,5,0.0018551816651,0.167860719347
353,353,PPRO362,3,0.0,0.169748012928
354,354,PTRP363,5,0.00184566791297,0.176701091566
355,355,PMET364,11,0.0109788699565,0.198378457041
356,356,PSER365,9,0.0125962078184,0.199384610767
357,357,PTYR366,8,0.00103699898203,0.20255495826
358,358,PLEU367,10,0.00474736231222,0.205792347171
359,359,PSER368,9,0.00229281426302,0.207469919164
360,360,PILE369,9,0.00494715110693,0.223707595613
361,361,PVAL370,8,0.00209302546831,0.221559820574
362,362,PALA371,12,0.0129767579035,0.229423893256
363,363,PILE372,11,0.0176194689424,0.242355685024
364,364,PPHE373,11,0.0138139680909,0.23736729469
365,365,PGLY374,9,0.0132907117238,0.243972379199
366,366,PPHE375,13,0.0106744298884,0.243821202172
367,367,PVAL376,9,0.00469027979945,0.241059668547
368,368,PALA377,10,0.00586998506341,0.236705269611
369,369,PPHE378,12,0.00950423837657,0.24778835809
370,370,PPHE379,14,0.0294355490862,0.264638252606
371,371,PGLU380,16,0.0832643586304,0.287395289826
372,372,PVAL381,7,0.00261628183539,0.247414542707
373,373,PGLY382,9,0.00239746553643,0.253184855753
374,374,PPRO383,11,0.0062981039092,0.257609376386
375,375,PGLY384,7,9.5137521287e-05,0.260166164407
376,376,PPRO385,13,0.00536575620059,0.264651750515
377,377,PILE386,9,0.00398626214193,0.251057982936
378,378,PPRO387,12,0.00452854601326,0.258510068524
379,379,PTRP388,14,0.0548943497826,0.284922257413
380,380,PPHE389,8,0.00201691545128,0.258517597324
381,381,PILE390,8,0.000865751443712,0.238713986893
382,382,PVAL391,11,0.00940910085529,0.264254135902
383,383,PALA392,8,0.00305391443331,0.258794502968
384,384,PGLU393,11,0.0828457535367,0.281090974419
385,385,PLEU394,11,0.00593658132831,0.241635999378
386,386,PPHE395,11,0.00698309406247,0.249079025987
387,387,PSER396,11,0.00786787301044,0.263164800575
388,388,PGLN397,12,0.00393869338128,0.252283359597
389,389,PGLY398,6,0.0,0.23393591906
390,390,PPRO399,10,0.0130718954248,0.250413070783
391,391,PARG400,18,0.0666628611658,0.288062886137
392,392,PPRO401,6,0.00271141935668,0.24825231829
393,393,PALA402,6,0.000304440068118,0.230094089405
394,394,PALA403,10,0.00539429745697,0.257014672923
395,395,PILE404,9,0.00528013243143,0.264541585038
396,396,PALA405,8,0.00663108523371,0.250787382493
397,397,PVAL406,9,0.020625814615,0.266781957115
398,398,PALA407,11,0.00679281901989,0.259809148204
399,399,PGLY408,9,0.00189323667361,0.254338086509
400,400,PPHE409,13,0.0105126961022,0.254560300833
401,401,PSER410,11,0.00664059898583,0.251929294313
402,402,PASN411,13,0.0221670424599,0.264689582559
403,403,PTRP412,18,0.0736364414762,0.283241063262
404,404,PTHR413,11,0.00286363939074,0.255791719797
405,405,PSER414,10,0.00853383565945,0.253936132548
406,406,PASN415,15,0.0175528726775,0.258154923135
407,407,PPHE416,12,0.00264482309178,0.240477124929
408,408,PILE417,8,0.00222621799812,0.228935983458
409,409,PVAL418,10,0.00402431715044,0.22630825717
410,410,PGLY419,9,0.0130909229291,0.24890994361
411,411,PMET420,6,0.00058985263198,0.218687312906
412,412,PCYS421,8,0.00360571205678,0.222194186038
413,413,PPHE422,14,0.0287695864372,0.240366503072
414,414,PGLN423,9,0.00930444958187,0.232472150074
415,415,PTYR424,7,0.000256871307475,0.206620626565
416,416,PVAL425,8,0.000704017657524,0.215230542974
417,417,PGLU426,9,0.024098334142,0.235718392135
418,418,PGLN427,6,0.000304440068118,0.210813897858
419,419,PLEU428,6,0.0,0.205483618797
420,420,PCYS429,7,0.00103699898203,0.208231574525
421,421,PGLY430,5,1.90275042574e-05,0.203122373877
422,422,PPRO431,6,0.0012938702895,0.191362060872
423,423,PTYR432,7,0.0120634376992,0.210921923048
424,424,PVAL433,9,0.0109978974608,0.223259694452
425,425,PPHE434,7,0.00237843803218,0.210626999609
426,426,PILE435,8,0.000361522580891,0.206064342168
427,427,PILE436,7,0.0023879517843,0.20744244337
428,428,PPHE437,12,0.0285222288818,0.236696086309
429,429,PTHR438,10,0.00320613446737,0.203269096379
430,430,PVAL439,8,0.000998943973514,0.206026718401
431,431,PLEU440,9,0.00290169439925,0.217848645257
432,432,PLEU441,14,0.00663108523371,0.224332190206
433,433,PVAL442,10,0.00119873276822,0.209491262815
434,434,PLEU443,8,6.65962649009e-05,0.205171327352
435,435,PPHE444,14,0.0206638696235,0.239370236545
436,436,PPHE445,12,0.00346300577485,0.222698605044
437,437,PILE446,8,0.000713531409653,0.200607131799
438,438,PPHE447,13,0.00276850186945,0.219336388371
439,439,PTHR448,12,0.00307294193757,0.225146715449
440,440,PTYR449,8,0.00188372292148,0.210186754945
441,441,PPHE450,5,0.000256871307475,0.207748383869
442,442,PLYS451,9,0.0201025582479,0.223082180769
443,443,PVAL452,5,0.000837210187326,0.209361017694
444,444,PPRO453,9,0.00236892428005,0.230564289232
445,445,PGLU454,9,0.0063647001741,0.238613009728
446,446,PTHR455,8,9.5137521287e-05,0.229505852872
447,447,PLYS456,9,0.006431296439,0.243984564182
448,448,PGLY457,4,0.0,0.224692890846
449,449,PARG458,8,0.00556554499529,0.219983583587
450,450,PTHR459,5,0.000390063837277,0.204553872957
451,451,PPHE460,9,0.00772516672851,0.237264427919
452,452,PASP461,11,0.0129957854078,0.231551214976
453,453,PGLU462,8,0.00447146350049,0.219368336162
454,454,PILE463,11,0.0029492631599,0.229710066614
455,455,PALA464,9,0.000875265195841,0.215124513537
456,456,PSER465,5,9.5137521287e-06,0.205698468802
457,457,PGLY466,6,0.000456660102178,0.203679025412
458,458,PPHE467,9,0.00312051069821,0.215160519198
459,459,PARG468,14,0.022252666229,0.224766956682
